market,short,long,atr,return_pct,win_rate,sharpe,max_dd,trades,avg_win,avg_loss
상승장,5,20,0.0,-45.59642620009126,30.0,-3.074804874222653,49.43627430358769,30,9.089863915714913,-6.284388359021567
상승장,5,20,0.01,-45.59642620009126,30.0,-3.074804874222653,49.43627430358769,30,9.089863915714913,-6.284388359021567
상승장,5,20,0.02,-6.557484664204728,43.75,0.17249275988679408,30.652869153141943,16,10.555234902755327,-7.9954821824002344
상승장,5,20,0.03,0.0,0.0,0.0,0.0,0,0.0,0.0
상승장,5,30,0.0,-44.75529818636754,20.0,-4.744586752967525,51.660125321747344,25,9.859369015705886,-5.10994028079877
상승장,5,30,0.01,-44.75529818636754,20.0,-4.744586752967525,51.660125321747344,25,9.859369015705886,-5.10994028079877
상승장,5,30,0.02,-15.659722590856278,30.76923076923077,-1.4698227997077369,27.455059319978986,13,12.119120855090674,-6.673682239086232
상승장,5,30,0.03,0.0,0.0,0.0,0.0,0,0.0,0.0
상승장,5,37,0.0,-50.69263206864196,25.0,-5.707111439619007,55.480036413061974,24,7.834448716770184,-6.151097291651693
상승장,5,37,0.01,-50.69263206864196,25.0,-5.707111439619007,55.480036413061974,24,7.834448716770184,-6.151097291651693
상승장,5,37,0.02,-10.55499438102838,36.36363636363637,-1.2297253831237314,24.42090463896332,11,9.618481712130137,-6.5577350956420295
상승장,5,37,0.03,0.0,0.0,0.0,0.0,0,0.0,0.0
상승장,5,50,0.0,-42.506754647735754,16.666666666666664,-4.777986547086116,45.869587322584835,18,14.908814556776742,-6.189372006444391
상승장,5,50,0.01,-42.506754647735754,16.666666666666664,-4.777986547086116,45.869587322584835,18,14.908814556776742,-6.189372006444391
상승장,5,50,0.02,-33.00971004898215,25.0,-3.587277420572088,44.00214101866081,12,14.908814556776742,-8.516801085356668
상승장,5,50,0.03,0.0,0.0,0.0,0.0,0,0.0,0.0
상승장,5,100,0.0,-40.97769454363786,25.0,-9.13414939540452,41.34288026916244,12,5.027660088611268,-7.101811313408428
상승장,5,100,0.01,-40.97769454363786,25.0,-9.13414939540452,41.34288026916244,12,5.027660088611268,-7.101811313408428
상승장,5,100,0.02,-33.332588616094085,30.0,-7.984965342970446,33.7450765188765,10,5.027660088611268,-7.48023154084117
상승장,5,100,0.03,0.0,0.0,0.0,0.0,0,0.0,0.0
상승장,7,20,0.0,-44.80828341501712,20.689655172413794,-2.9319637703819077,51.78987398432,29,12.246471676410335,-5.296110152780482
상승장,7,20,0.01,-44.80828341501712,20.689655172413794,-2.9319637703819077,51.78987398432,29,12.246471676410335,-5.296110152780482
상승장,7,20,0.02,-25.46702212760927,20.0,-2.9627276738393324,26.395104675083108,15,13.088575024312368,-5.2835199836005255
상승장,7,20,0.03,0.0,0.0,0.0,0.0,0,0.0,0.0
상승장,7,30,0.0,-52.737384770275696,25.0,-5.677585859861773,58.62532045481076,24,8.292278048960448,-6.485328801929899
상승장,7,30,0.01,-52.737384770275696,25.0,-5.677585859861773,58.62532045481076,24,8.292278048960448,-6.485328801929899
상승장,7,30,0.02,-32.429855812488135,25.0,-4.428207305476823,42.2981411027032,12,12.599165774626222,-7.90448032554589
상승장,7,30,0.03,0.0,0.0,0.0,0.0,0,0.0,0.0
상승장,7,37,0.0,-63.7590739675359,23.809523809523807,-9.466746418596255,65.46933893288477,21,7.353551521754045,-8.145825327253736
상승장,7,37,0.01,-63.7590739675359,23.809523809523807,-9.466746418596255,65.46933893288477,21,7.353551521754045,-8.145825327253736
상승장,7,37,0.02,-37.36859027092855,27.27272727272727,-8.154890670627053,37.36859027092855,11,7.321349404019415,-8.112482913161067
상승장,7,37,0.03,0.0,0.0,0.0,0.0,0,0.0,0.0
상승장,7,50,0.0,-46.68740842103062,21.428571428571427,-5.944969447862228,50.02640954894863,14,12.80458460690699,-8.478554544244705
상승장,7,50,0.01,-46.68740842103062,21.428571428571427,-5.944969447862228,50.02640954894863,14,12.80458460690699,-8.478554544244705
상승장,7,50,0.02,-40.312332286774904,30.0,-5.063713523569675,49.51003458649253,10,12.80458460690699,-11.571897943802336
상승장,7,50,0.03,0.0,0.0,0.0,0.0,0,0.0,0.0
상승장,7,100,0.0,-46.27426441724762,18.181818181818183,-9.663306438394013,49.46977641867267,11,9.401778196422512,-8.3948490957753
상승장,7,100,0.01,-46.27426441724762,18.181818181818183,-9.663306438394013,49.46977641867267,11,9.401778196422512,-8.3948490957753
상승장,7,100,0.02,-38.59698411392794,22.22222222222222,-8.699571907621692,42.24912720809578,9,8.45834070441757,-8.726039447989223
상승장,7,100,0.03,0.0,0.0,0.0,0.0,0,0.0,0.0
상승장,10,20,0.0,-58.233292138998095,25.925925925925924,-6.1757462673139285,58.48096220737078,27,6.86542545580142,-6.340143934715785
상승장,10,20,0.01,-58.233292138998095,25.925925925925924,-6.1757462673139285,58.48096220737078,27,6.86542545580142,-6.340143934715785
상승장,10,20,0.02,-27.193193051892777,27.27272727272727,-4.2248884074203445,34.83748466129558,11,10.265433546776316,-7.237370674391405
상승장,10,20,0.03,0.0,0.0,0.0,0.0,0,0.0,0.0
상승장,10,30,0.0,-63.89387395118082,27.27272727272727,-9.18379005079607,65.43678726748128,22,5.9403034015809615,-8.094701778815299
상승장,10,30,0.01,-63.89387395118082,27.27272727272727,-9.18379005079607,65.43678726748128,22,5.9403034015809615,-8.094701778815299
상승장,10,30,0.02,-30.82025946166257,37.5,-7.611446431228749,30.82025946166257,8,4.810468542487581,-9.548512095002737
상승장,10,30,0.03,0.0,0.0,0.0,0.0,0,0.0,0.0
상승장,10,37,0.0,-64.19499618109828,28.57142857142857,-9.926166264447986,64.78921344299134,21,5.263750577933448,-8.433172487792186
상승장,10,37,0.01,-64.19499618109828,28.57142857142857,-9.926166264447986,64.78921344299134,21,5.263750577933448,-8.433172487792186
상승장,10,37,0.02,-49.29331501427461,33.33333333333333,-8.152573192793641,54.28396367187408,12,6.970916908867816,-11.052210952262065
상승장,10,37,0.03,0.0,0.0,0.0,0.0,0,0.0,0.0
상승장,10,50,0.0,-44.376130687293745,23.076923076923077,-7.713708534872975,44.51414083944422,13,7.711823208835928,-7.626482850496172
상승장,10,50,0.01,-44.376130687293745,23.076923076923077,-7.713708534872975,44.51414083944422,13,7.711823208835928,-7.626482850496172
상승장,10,50,0.02,-26.37686347771592,33.33333333333333,-4.828396988194876,35.240914300662425,9,7.711823208835928,-8.256458608352473
상승장,10,50,0.03,0.0,0.0,0.0,0.0,0,0.0,0.0
상승장,10,100,0.0,-37.030127605032284,22.22222222222222,-8.45982303273965,39.76396507154124,9,8.06477286177412,-8.293910505075292
상승장,10,100,0.01,-37.030127605032284,22.22222222222222,-8.45982303273965,39.76396507154124,9,8.06477286177412,-8.293910505075292
상승장,10,100,0.02,-37.462597736582,14.285714285714285,-12.090787084618418,38.36061600508249,7,7.784912893756278,-8.515358696411608
상승장,10,100,0.03,0.0,0.0,0.0,0.0,0,0.0,0.0
상승장,14,20,0.0,-48.145675608114644,33.33333333333333,-4.426411474659364,49.549595422825675,27,6.513422811478938,-6.445626207737685
상승장,14,20,0.01,-48.145675608114644,33.33333333333333,-4.426411474659364,49.549595422825675,27,6.513422811478938,-6.445626207737685
상승장,14,20,0.02,-38.70283268809169,25.0,-10.95184005123804,38.70283268809169,12,4.027055990944113,-6.474937647131674
상승장,14,20,0.03,0.0,0.0,0.0,0.0,0,0.0,0.0
상승장,14,30,0.0,-72.32036924090524,27.27272727272727,-12.680413623752337,72.32036924090524,22,4.01486051129109,-8.990184100231508
상승장,14,30,0.01,-72.32036924090524,27.27272727272727,-12.680413623752337,72.32036924090524,22,4.01486051129109,-8.990184100231508
상승장,14,30,0.02,-35.805449554100704,45.45454545454545,-6.805132205265879,38.09207375290276,11,4.615190755802627,-10.475299414020627
상승장,14,30,0.03,0.0,0.0,0.0,0.0,0,0.0,0.0
상승장,14,37,0.0,-56.56978780394655,30.0,-7.076960336212638,58.81970701747644,20,7.010243144452452,-8.357561230549507
상승장,14,37,0.01,-56.56978780394655,30.0,-7.076960336212638,58.81970701747644,20,7.010243144452452,-8.357561230549507
상승장,14,37,0.02,-32.085330036949685,38.46153846153847,-4.367908173139709,42.64936370350878,13,7.1756082563373225,-8.610652020441
상승장,14,37,0.03,0.0,0.0,0.0,0.0,0,0.0,0.0
상승장,14,50,0.0,-45.11326679338397,16.666666666666664,-6.56326997081603,49.356228935232835,12,13.874861214487805,-8.047580721442074
상승장,14,50,0.01,-45.11326679338397,16.666666666666664,-6.56326997081603,49.356228935232835,12,13.874861214487805,-8.047580721442074
상승장,14,50,0.02,-42.48628572027908,20.0,-6.536121561655184,46.932323916929356,10,13.874861214487805,-9.483544286523411
상승장,14,50,0.03,0.0,0.0,0.0,0.0,0,0.0,0.0
상승장,14,100,0.0,-47.118219889045754,12.5,-12.709564300818984,47.408666635060094,8,7.237750730174087,-9.338509479520686
상승장,14,100,0.01,-47.118219889045754,12.5,-12.709564300818984,47.408666635060094,8,7.237750730174087,-9.338509479520686
상승장,14,100,0.02,-34.8377245260391,20.0,-11.780509779095443,37.56297207448737,5,6.777275704003907,-11.37318097932954
상승장,14,100,0.03,0.0,0.0,0.0,0.0,0,0.0,0.0
상승장,20,30,0.0,-66.41620176733947,32.0,-7.541788503847449,66.41620176733947,25,5.270961354761699,-8.255109250696915
상승장,20,30,0.01,-66.41620176733947,32.0,-7.541788503847449,66.41620176733947,25,5.270961354761699,-8.255109250696915
상승장,20,30,0.02,-62.262034125876944,23.076923076923077,-10.919403331118135,63.40681626469408,13,5.2980391036736165,-10.338790292836581
상승장,20,30,0.03,0.0,0.0,0.0,0.0,0,0.0,0.0
상승장,20,37,0.0,-48.1761845587306,38.88888888888889,-6.388815141129745,48.1761845587306,18,5.0776519649913405,-8.574791366090677
상승장,20,37,0.01,-48.1761845587306,38.88888888888889,-6.388815141129745,48.1761845587306,18,5.0776519649913405,-8.574791366090677
상승장,20,37,0.02,-51.467898805973554,30.0,-10.566164785959408,51.467898805973554,10,4.599624339989345,-11.264936908884449
상승장,20,37,0.03,0.0,0.0,0.0,0.0,0,0.0,0.0
상승장,20,50,0.0,-53.56534210887821,27.27272727272727,-12.909136695650169,53.56534210887821,11,4.796251515251085,-10.662525685153241
상승장,20,50,0.01,-53.56534210887821,27.27272727272727,-12.909136695650169,53.56534210887821,11,4.796251515251085,-10.662525685153241
상승장,20,50,0.02,-57.74673974708231,20.0,-10.20217257121147,58.04351309514879,5,11.094859362598072,-19.60321916218465
상승장,20,50,0.03,0.0,0.0,0.0,0.0,0,0.0,0.0
상승장,20,100,0.0,-52.791131225161294,14.285714285714285,-17.08416952144239,52.791131225161294,7,3.8655728166232235,-12.051324283613043
상승장,20,100,0.01,-52.791131225161294,14.285714285714285,-17.08416952144239,52.791131225161294,7,3.8655728166232235,-12.051324283613043
상승장,20,100,0.02,-39.7134064357679,20.0,-14.268290745361902,40.330815894636046,5,3.8655728166232235,-12.425215981132155
상승장,20,100,0.03,0.0,0.0,0.0,0.0,0,0.0,0.0
하락장,5,20,0.0,20.787746002877995,25.925925925925924,1.8095530500947246,37.59736489852377,27,15.080912743516084,-3.7709109864575305
하락장,5,20,0.01,20.787746002877995,25.925925925925924,1.8095530500947246,37.59736489852377,27,15.080912743516084,-3.7709109864575305
하락장,5,20,0.02,-16.805357777494763,23.076923076923077,-0.9654640060838269,44.40840010160312,13,16.205476689366957,-5.815890567430219
하락장,5,20,0.03,0.0,0.0,0.0,0.0,0,0.0,0.0
하락장,5,30,0.0,18.049287390803034,27.27272727272727,1.841695443438728,31.3825352334901,22,17.133807868734277,-4.664106348908675
하락장,5,30,0.01,18.049287390803034,27.27272727272727,1.841695443438728,31.3825352334901,22,17.133807868734277,-4.664106348908675
하락장,5,30,0.02,-27.531221360413404,28.57142857142857,-3.9018972865327948,46.33112043218357,7,16.21406940422692,-11.503824949730111
하락장,5,30,0.03,0.0,0.0,0.0,0.0,0,0.0,0.0
하락장,5,37,0.0,-4.828855394697061,22.727272727272727,0.6034088092931651,35.520848736328574,22,21.434094432302572,-5.649376504835547
하락장,5,37,0.01,-4.828855394697061,22.727272727272727,0.6034088092931651,35.520848736328574,22,21.434094432302572,-5.649376504835547
하락장,5,37,0.02,-23.25875173636548,9.090909090909092,-1.7136643123452078,44.613174450881665,11,41.730846376026,-5.910085879296624
하락장,5,37,0.03,0.0,0.0,0.0,0.0,0,0.0,0.0
하락장,5,50,0.0,11.735163360518753,23.076923076923077,1.84130666225345,24.256475941298596,13,27.500310614032674,-5.6784188361702
하락장,5,50,0.01,11.735163360518753,23.076923076923077,1.84130666225345,24.256475941298596,13,27.500310614032674,-5.6784188361702
하락장,5,50,0.02,-40.57563056250441,0.0,-18.02811322786717,40.57563056250441,4,0.0,-11.71877242362495
하락장,5,50,0.03,0.0,0.0,0.0,0.0,0,0.0,0.0
하락장,5,100,0.0,-6.008728446554369,28.57142857142857,-0.5731693721842067,17.905650639241305,7,12.289168818727369,-5.476715255514357
하락장,5,100,0.01,-6.008728446554369,28.57142857142857,-0.5731693721842067,17.905650639241305,7,12.289168818727369,-5.476715255514357
하락장,5,100,0.02,-0.6525471855516661,0.0,0.0,0.6525471855516661,1,0.0,-0.6525471855516625
하락장,5,100,0.03,0.0,0.0,0.0,0.0,0,0.0,0.0
하락장,7,20,0.0,50.39299250275907,31.818181818181817,3.2791991802267657,27.545596386354767,22,17.257402095549114,-4.407953498907486
하락장,7,20,0.01,50.39299250275907,31.818181818181817,3.2791991802267657,27.545596386354767,22,17.257402095549114,-4.407953498907486
하락장,7,20,0.02,-35.70795605213167,22.22222222222222,-5.268978323979435,45.54247607860854,9,14.611624751454043,-9.435758606062405
하락장,7,20,0.03,0.0,0.0,0.0,0.0,0,0.0,0.0
하락장,7,30,0.0,32.78351439839108,33.33333333333333,3.0375457419940917,25.09382675312463,18,15.404179455153375,-4.541098711800621
하락장,7,30,0.01,32.78351439839108,33.33333333333333,3.0375457419940917,25.09382675312463,18,15.404179455153375,-4.541098711800621
하락장,7,30,0.02,-5.936458223111835,20.0,-0.9489728203182362,21.808778505350638,5,20.29936350760928,-5.9570608346363105
하락장,7,30,0.03,0.0,0.0,0.0,0.0,0,0.0,0.0
하락장,7,37,0.0,13.098231627365317,29.411764705882355,1.7205875373664188,28.24962638140925,17,19.076011202732268,-5.78254752666727
하락장,7,37,0.01,13.098231627365317,29.411764705882355,1.7205875373664188,28.24962638140925,17,19.076011202732268,-5.78254752666727
하락장,7,37,0.02,20.584842230941288,33.33333333333333,3.662570418888148,24.20627428916141,6,26.93639614820104,-6.682461381998409
하락장,7,37,0.03,0.0,0.0,0.0,0.0,0,0.0,0.0
하락장,7,50,0.0,9.381951351218811,25.0,1.7508587223116387,31.2041963864165,12,25.96039814795438,-6.1384765224866005
하락장,7,50,0.01,9.381951351218811,25.0,1.7508587223116387,31.2041963864165,12,25.96039814795438,-6.1384765224866005
하락장,7,50,0.02,-25.984393988884168,20.0,-13.97272218919638,26.083283388750232,5,3.9352882200300696,-8.067505122697863
하락장,7,50,0.03,0.0,0.0,0.0,0.0,0,0.0,0.0
하락장,7,100,0.0,1.38447658181038,33.33333333333333,0.995877681642625,14.09776923503894,6,12.499311847840534,-5.215399715241107
하락장,7,100,0.01,1.38447658181038,33.33333333333333,0.995877681642625,14.09776923503894,6,12.499311847840534,-5.215399715241107
하락장,7,100,0.02,-3.113319753744197,50.0,-3.5289483659533576,6.1021022579687765,2,3.1830132261701576,-6.10210225796878
하락장,7,100,0.03,0.0,0.0,0.0,0.0,0,0.0,0.0
하락장,10,20,0.0,47.16009610638693,38.095238095238095,3.2601466634169083,27.748528560931607,21,14.102122183668662,-4.705755145593739
하락장,10,20,0.01,47.16009610638693,38.095238095238095,3.2601466634169083,27.748528560931607,21,14.102122183668662,-4.705755145593739
하락장,10,20,0.02,0.7969050206659013,42.857142857142854,0.8857951691031605,21.71277816927072,7,9.965377343459549,-6.422961204483139
하락장,10,20,0.03,0.0,0.0,0.0,0.0,0,0.0,0.0
하락장,10,30,0.0,32.031177745399276,44.44444444444444,2.9606972557943982,22.83327010307385,18,11.838505631813176,-5.6778303520623385
하락장,10,30,0.01,32.031177745399276,44.44444444444444,2.9606972557943982,22.83327010307385,18,11.838505631813176,-5.6778303520623385
하락장,10,30,0.02,7.292026471881057,42.857142857142854,2.2192155418379254,19.62098092441964,7,11.051079362698601,-5.771202651014585
하락장,10,30,0.03,0.0,0.0,0.0,0.0,0,0.0,0.0
하락장,10,37,0.0,40.203903488877366,37.5,3.251063117115722,19.77562097324121,16,17.272512506330568,-5.565508487194068
하락장,10,37,0.01,40.203903488877366,37.5,3.251063117115722,19.77562097324121,16,17.272512506330568,-5.565508487194068
하락장,10,37,0.02,34.130254690544234,50.0,5.505241142349534,13.38692194677085,6,17.016459358524855,-4.82776687590677
하락장,10,37,0.03,0.0,0.0,0.0,0.0,0,0.0,0.0
하락장,10,50,0.0,23.891529125326663,33.33333333333333,2.672900466324151,29.823809324033068,12,21.614835668686148,-6.182399575651535
하락장,10,50,0.01,23.891529125326663,33.33333333333333,2.672900466324151,29.823809324033068,12,21.614835668686148,-6.182399575651535
하락장,10,50,0.02,-22.59050697289036,16.666666666666664,-11.276408109757078,22.59050697289036,6,3.742554080653482,-5.590776887938389
하락장,10,50,0.03,0.0,0.0,0.0,0.0,0,0.0,0.0
하락장,10,100,0.0,6.635281960234233,50.0,2.955096092709778,5.2234262923062085,4,9.129302574817231,-5.061263843257477
하락장,10,100,0.01,6.635281960234233,50.0,2.955096092709778,5.2234262923062085,4,9.129302574817231,-5.061263843257477
하락장,10,100,0.02,12.128574517739192,66.66666666666666,5.688256822615113,5.2234262923062085,3,9.129302574817231,-5.223426292306204
하락장,10,100,0.03,0.0,0.0,0.0,0.0,0,0.0,0.0
하락장,14,20,0.0,49.82080786379499,33.33333333333333,2.990970354351985,27.666550761769482,27,13.469609474141057,-3.7458665015545
하락장,14,20,0.01,49.82080786379499,33.33333333333333,2.990970354351985,27.666550761769482,27,13.469609474141057,-3.7458665015545
하락장,14,20,0.02,63.15521202424683,50.0,7.024835320652926,9.77085393530177,12,12.45666169147516,-3.218332942582082
하락장,14,20,0.03,0.0,0.0,0.0,0.0,0,0.0,0.0
하락장,14,30,0.0,0.04668646704882849,27.77777777777778,0.7728529457513481,31.427451735325068,18,15.923296559387078,-5.364381846301394
하락장,14,30,0.01,0.04668646704882849,27.77777777777778,0.7728529457513481,31.427451735325068,18,15.923296559387078,-5.364381846301394
하락장,14,30,0.02,44.57763348407056,50.0,6.4940715863284995,18.039706194887426,6,21.48179584966729,-6.292068982511669
하락장,14,30,0.03,0.0,0.0,0.0,0.0,0,0.0,0.0
하락장,14,37,0.0,28.897858123788843,40.0,3.1448564334999722,24.2688553560504,15,13.931708765182796,-5.492317469194125
하락장,14,37,0.01,28.897858123788843,40.0,3.1448564334999722,24.2688553560504,15,13.931708765182796,-5.492317469194125
하락장,14,37,0.02,17.966304100994275,33.33333333333333,3.6578315669369994,20.614089120368927,6,22.394112532551436,-5.500109672854073
하락장,14,37,0.03,0.0,0.0,0.0,0.0,0,0.0,0.0
하락장,14,50,0.0,26.09391783546852,30.0,3.118072188139379,25.278802425411616,10,26.373507717320802,-6.000171329439014
하락장,14,50,0.01,26.09391783546852,30.0,3.118072188139379,25.278802425411616,10,26.373507717320802,-6.000171329439014
하락장,14,50,0.02,-36.26027459603065,0.0,-13.618095390668865,36.26027459603065,3,0.0,-12.99770615985503
하락장,14,50,0.03,0.0,0.0,0.0,0.0,0,0.0,0.0
하락장,14,100,0.0,-1.3579896102123894,25.0,0.3343455999047581,11.660361611306525,4,20.442146659945358,-6.436054709494528
하락장,14,100,0.01,-1.3579896102123894,25.0,0.3343455999047581,11.660361611306525,4,20.442146659945358,-6.436054709494528
하락장,14,100,0.02,4.336391977571102,33.33333333333333,2.206928182125304,7.289737593669968,3,20.442146659945358,-6.925225200470042
하락장,14,100,0.03,0.0,0.0,0.0,0.0,0,0.0,0.0
하락장,20,30,0.0,-0.1759235079347505,35.294117647058826,0.8382660035786267,33.270515458342906,17,13.224587462267381,-6.181634144955092
하락장,20,30,0.01,-0.1759235079347505,35.294117647058826,0.8382660035786267,33.270515458342906,17,13.224587462267381,-6.181634144955092
하락장,20,30,0.02,-4.2509840961490175,37.5,0.018196319829955992,18.854397785763663,8,11.688939540654252,-6.992362241614923
하락장,20,30,0.03,0.0,0.0,0.0,0.0,0,0.0,0.0
하락장,20,37,0.0,3.9904231318618875,35.714285714285715,1.2001109119654805,22.794700881287667,14,13.472479873058797,-6.009035977600189
하락장,20,37,0.01,3.9904231318618875,35.714285714285715,1.2001109119654805,22.794700881287667,14,13.472479873058797,-6.009035977600189
하락장,20,37,0.02,-43.45755420596492,0.0,-26.821769716306303,43.45755420596492,6,0.0,-8.937848955529011
하락장,20,37,0.03,0.0,0.0,0.0,0.0,0,0.0,0.0
하락장,20,50,0.0,50.92295009873216,33.33333333333333,4.721148461652975,25.428634349202618,9,33.085985588680195,-6.832395043459264
하락장,20,50,0.01,50.92295009873216,33.33333333333333,4.721148461652975,25.428634349202618,9,33.085985588680195,-6.832395043459264
하락장,20,50,0.02,-24.83144668979795,0.0,-15.177057416953048,24.83144668979795,3,0.0,-8.75781561632512
하락장,20,50,0.03,0.0,0.0,0.0,0.0,0,0.0,0.0
하락장,20,100,0.0,-13.132349681340614,33.33333333333333,-4.92899502067359,21.692149811933213,3,10.930960446539013,-11.505997678186809
하락장,20,100,0.01,-13.132349681340614,33.33333333333333,-4.92899502067359,21.692149811933213,3,10.930960446539013,-11.505997678186809
하락장,20,100,0.02,10.93096044653901,100.0,0.0,0.0,1,10.930960446539013,0.0
하락장,20,100,0.03,0.0,0.0,0.0,0.0,0,0.0,0.0
횡보장,5,20,0.0,-59.675647251994725,23.52941176470588,-4.070161960604089,66.33030066947457,34,9.756459279698758,-5.98621413522192
횡보장,5,20,0.01,-59.675647251994725,23.52941176470588,-4.070161960604089,66.33030066947457,34,9.756459279698758,-5.98621413522192
횡보장,5,20,0.02,-47.493175391431734,26.31578947368421,-4.855260781939715,49.82786199062812,19,9.522223522438711,-7.373707876901208
횡보장,5,20,0.03,0.0,0.0,0.0,0.0,0,0.0,0.0
횡보장,5,30,0.0,-66.13350800473596,14.814814814814813,-6.808906710506002,69.7699285199153,27,12.912095929982275,-6.487784549889429
횡보장,5,30,0.01,-66.13350800473596,14.814814814814813,-6.808906710506002,69.7699285199153,27,12.912095929982275,-6.487784549889429
횡보장,5,30,0.02,-41.95713734781933,20.0,-4.656741470259372,47.18961998712262,15,13.799514822346813,-7.30753337414588
횡보장,5,30,0.03,0.0,0.0,0.0,0.0,0,0.0,0.0
횡보장,5,37,0.0,-62.87616275145952,8.0,-7.5596846768594865,65.7260258800591,25,18.516247809533162,-5.554757864421805
횡보장,5,37,0.01,-62.87616275145952,8.0,-7.5596846768594865,65.7260258800591,25,18.516247809533162,-5.554757864421805
횡보장,5,37,0.02,-48.61252457462678,6.666666666666667,-7.143626206411674,48.61252457462678,15,25.962459517014302,-6.147043522256102
횡보장,5,37,0.03,0.0,0.0,0.0,0.0,0,0.0,0.0
횡보장,5,50,0.0,-64.45901484424942,12.0,-7.787775609273717,64.45901484424942,25,12.807947751781462,-6.0533342758855975
횡보장,5,50,0.01,-64.45901484424942,12.0,-7.787775609273717,64.45901484424942,25,12.807947751781462,-6.0533342758855975
횡보장,5,50,0.02,-34.51709230213059,14.285714285714285,-4.820455536164874,43.38743325250612,14,13.355332981638009,-5.329849627429063
횡보장,5,50,0.03,0.0,0.0,0.0,0.0,0,0.0,0.0
횡보장,5,100,0.0,-37.97113711872028,7.6923076923076925,-6.198512308425731,37.97113711872028,13,23.682624536438826,-5.556442513513769
횡보장,5,100,0.01,-37.97113711872028,7.6923076923076925,-6.198512308425731,37.97113711872028,13,23.682624536438826,-5.556442513513769
횡보장,5,100,0.02,-31.689076082758394,0.0,-28.582672507546548,31.689076082758394,6,0.0,-6.1023625167678555
횡보장,5,100,0.03,0.0,0.0,0.0,0.0,0,0.0,0.0
횡보장,7,20,0.0,-67.40815887905057,30.0,-5.210866501868468,72.67618080123506,30,7.409576494559216,-7.793447223813918
횡보장,7,20,0.01,-67.40815887905057,30.0,-5.210866501868468,72.67618080123506,30,7.409576494559216,-7.793447223813918
횡보장,7,20,0.02,-31.77426863229857,30.76923076923077,-2.6634923469323746,49.11962084896573,13,11.562583713255531,-8.291603483997214
횡보장,7,20,0.03,0.0,0.0,0.0,0.0,0,0.0,0.0
횡보장,7,30,0.0,-67.12545161227835,12.0,-7.978991719676546,69.6457213046444,25,13.654634020453072,-6.4750949219818725
횡보장,7,30,0.01,-67.12545161227835,12.0,-7.978991719676546,69.6457213046444,25,13.654634020453072,-6.4750949219818725
횡보장,7,30,0.02,-40.56081098821908,8.333333333333332,-6.036850567602105,41.742288318742204,12,25.962459517014302,-6.528616025674162
횡보장,7,30,0.03,0.0,0.0,0.0,0.0,0,0.0,0.0
횡보장,7,37,0.0,-55.496080458154864,15.789473684210526,-6.365435397203801,60.077432960536555,19,13.333629188976289,-6.9951448364969036
횡보장,7,37,0.01,-55.496080458154864,15.789473684210526,-6.365435397203801,60.077432960536555,19,13.333629188976289,-6.9951448364969036
횡보장,7,37,0.02,-25.730087326562874,11.11111111111111,-3.4080027219122138,35.425165905882395,9,28.70811571667063,-6.567300516612337
횡보장,7,37,0.03,0.0,0.0,0.0,0.0,0,0.0,0.0
횡보장,7,50,0.0,-51.201188066598405,15.0,-7.416947086967245,51.201188066598405,20,10.016422152725093,-5.645068049549672
횡보장,7,50,0.01,-51.201188066598405,15.0,-7.416947086967245,51.201188066598405,20,10.016422152725093,-5.645068049549672
횡보장,7,50,0.02,-29.764660380930756,10.0,-5.823148605763668,30.093270658000744,10,19.083660865310762,-5.627729094838637
횡보장,7,50,0.03,0.0,0.0,0.0,0.0,0,0.0,0.0
횡보장,7,100,0.0,-35.09955584473979,10.0,-5.724082525191979,37.66309593985926,10,24.130066722400557,-6.878941807329013
횡보장,7,100,0.01,-35.09955584473979,10.0,-5.724082525191979,37.66309593985926,10,24.130066722400557,-6.878941807329013
횡보장,7,100,0.02,-23.101279788641165,0.0,-27.656317204583516,23.101279788641165,4,0.0,-6.303304991024781
횡보장,7,100,0.03,0.0,0.0,0.0,0.0,0,0.0,0.0
횡보장,10,20,0.0,-66.81949871737525,25.0,-4.5522512178961865,75.61063721965728,28,11.960869268691743,-8.369973630776194
횡보장,10,20,0.01,-66.81949871737525,25.0,-4.5522512178961865,75.61063721965728,28,11.960869268691743,-8.369973630776194
횡보장,10,20,0.02,-32.361680391560704,33.33333333333333,-2.1029885706912004,53.888749154709906,15,11.751495407873099,-8.568304966337937
횡보장,10,20,0.03,0.0,0.0,0.0,0.0,0,0.0,0.0
횡보장,10,30,0.0,-67.06940515187716,16.666666666666664,-8.429883489230455,69.55694920503474,24,8.938926191629335,-6.868390484197536
횡보장,10,30,0.01,-67.06940515187716,16.666666666666664,-8.429883489230455,69.55694920503474,24,8.938926191629335,-6.868390484197536
횡보장,10,30,0.02,-42.99663391196624,21.428571428571427,-6.063642117933127,42.99663391196624,14,8.807200462609757,-6.929986372094557
횡보장,10,30,0.03,-10.698056882449007,0.0,0.0,10.698056882449007,1,0.0,-10.69805688244901
횡보장,10,37,0.0,-56.18473274107452,15.789473684210526,-7.97499287150953,56.94252846206268,19,10.383051927169182,-6.659032027548365
횡보장,10,37,0.01,-56.18473274107452,15.789473684210526,-7.97499287150953,56.94252846206268,19,10.383051927169182,-6.659032027548365
횡보장,10,37,0.02,-30.11527533242686,18.181818181818183,-5.4200958621710615,31.134275812739364,11,10.984413433265354,-5.988919146060351
횡보장,10,37,0.03,-1.623746951546299,0.0,0.0,1.623746951546299,1,0.0,-1.6237469515463023
횡보장,10,50,0.0,-55.38969974165953,18.75,-9.274626655885456,55.38969974165953,16,8.375705570877725,-7.629784847888508
횡보장,10,50,0.01,-55.38969974165953,18.75,-9.274626655885456,55.38969974165953,16,8.375705570877725,-7.629784847888508
횡보장,10,50,0.02,-34.682598126895435,12.5,-16.546372552203,34.682598126895435,8,2.5228369891786873,-6.160854522537733
횡보장,10,50,0.03,0.0,0.0,0.0,0.0,0,0.0,0.0
횡보장,10,100,0.0,-49.08486349039015,20.0,-8.07420068937048,50.160524976084275,10,13.313723953421341,-10.77254566161483
횡보장,10,100,0.01,-49.08486349039015,20.0,-8.07420068937048,50.160524976084275,10,13.313723953421341,-10.77254566161483
횡보장,10,100,0.02,-37.61678463214729,0.0,-40.17972248944887,37.61678463214729,5,0.0,-8.950485438785051
횡보장,10,100,0.03,0.0,0.0,0.0,0.0,0,0.0,0.0
횡보장,14,20,0.0,-49.877289969631796,29.629629629629626,-2.4323851853421536,69.77170426377158,27,12.477850916873448,-7.919965880904418
횡보장,14,20,0.01,-49.877289969631796,29.629629629629626,-2.4323851853421536,69.77170426377158,27,12.477850916873448,-7.919965880904418
횡보장,14,20,0.02,-43.759150469130844,18.181818181818183,-3.752174949230038,46.673932755227575,11,24.291570820442516,-10.23101529482223
횡보장,14,20,0.03,-12.080828372198447,0.0,0.0,12.080828372198447,1,0.0,-12.080828372198447
횡보장,14,30,0.0,-45.48500305978863,27.77777777777778,-5.023210351620367,48.072199389722,18,9.579593251058071,-7.72952167116565
횡보장,14,30,0.01,-45.48500305978863,27.77777777777778,-5.023210351620367,48.072199389722,18,9.579593251058071,-7.72952167116565
횡보장,14,30,0.02,-32.99734866533057,22.22222222222222,-4.49628872858788,38.98099661647008,9,13.881949099802124,-8.600307403888303
횡보장,14,30,0.03,0.0,0.0,0.0,0.0,0,0.0,0.0
횡보장,14,37,0.0,-45.467064327199665,26.666666666666668,-6.17501547237672,50.022906843519074,15,8.909119489780865,-8.11414045329528
횡보장,14,37,0.01,-45.467064327199665,26.666666666666668,-6.17501547237672,50.022906843519074,15,8.909119489780865,-8.11414045329528
횡보장,14,37,0.02,-13.877818250837562,33.33333333333333,-2.048173785134464,18.532411871455608,9,9.826031168978771,-6.784925207135778
횡보장,14,37,0.03,0.0,0.0,0.0,0.0,0,0.0,0.0
횡보장,14,50,0.0,-48.013573470883955,14.285714285714285,-10.167016406365724,48.013573470883955,14,8.982080995309515,-6.575382423917369
횡보장,14,50,0.01,-48.013573470883955,14.285714285714285,-10.167016406365724,48.013573470883955,14,8.982080995309515,-6.575382423917369
횡보장,14,50,0.02,-23.16147897862751,0.0,-19.65559994054217,23.16147897862751,5,0.0,-5.061980873042299
횡보장,14,50,0.03,0.0,0.0,0.0,0.0,0,0.0,0.0
횡보장,14,100,0.0,-45.244685422886384,20.0,-7.579775356445546,45.244685422886384,10,11.918327862840501,-9.620520140667095
횡보장,14,100,0.01,-45.244685422886384,20.0,-7.579775356445546,45.244685422886384,10,11.918327862840501,-9.620520140667095
횡보장,14,100,0.02,-37.50139012341306,20.0,-20.977346181036847,38.26226995734821,5,1.232438953310228,-11.285752656551582
횡보장,14,100,0.03,0.0,0.0,0.0,0.0,0,0.0,0.0
횡보장,20,30,0.0,-53.97324412104574,21.052631578947366,-7.2459123845102065,53.97324412104574,19,8.658094650117047,-6.98402101921923
횡보장,20,30,0.01,-53.97324412104574,21.052631578947366,-7.2459123845102065,53.97324412104574,19,8.658094650117047,-6.98402101921923
횡보장,20,30,0.02,-21.31591931629267,37.5,-2.856124142355578,26.061707678236974,8,9.045044500867757,-8.9900916501264
횡보장,20,30,0.03,0.0,0.0,0.0,0.0,0,0.0,0.0
횡보장,20,37,0.0,-52.37583851903911,13.333333333333334,-11.08865490192053,52.37583851903911,15,9.173879048717374,-6.746088025240137
횡보장,20,37,0.01,-52.37583851903911,13.333333333333334,-11.08865490192053,52.37583851903911,15,9.173879048717374,-6.746088025240137
횡보장,20,37,0.02,-30.85859273965093,28.57142857142857,-5.905478901239043,31.619029220828494,7,7.462712313529365,-9.230079738334103
횡보장,20,37,0.03,0.0,0.0,0.0,0.0,0,0.0,0.0
횡보장,20,50,0.0,-47.140209567362476,27.27272727272727,-8.453594054004903,47.140209567362476,11,7.478227662428599,-9.955210914530133
횡보장,20,50,0.01,-47.140209567362476,27.27272727272727,-8.453594054004903,47.140209567362476,11,7.478227662428599,-9.955210914530133
횡보장,20,50,0.02,-36.14815410869055,0.0,-43.9318351620325,36.14815410869055,5,0.0,-8.539593432494573
횡보장,20,50,0.03,0.0,0.0,0.0,0.0,0,0.0,0.0
횡보장,20,100,0.0,-4.052561296455143,40.0,-0.3647283777217649,13.576626876270481,5,11.242464919639271,-7.952712515671247
횡보장,20,100,0.01,-4.052561296455143,40.0,-0.3647283777217649,13.576626876270481,5,11.242464919639271,-7.952712515671247
횡보장,20,100,0.02,-6.011917001150665,50.0,-4.37717495845861,9.941453686296882,2,4.3633134732803285,-9.941453686296883
횡보장,20,100,0.03,0.0,0.0,0.0,0.0,0,0.0,0.0
혼합장,5,20,0.0,-25.282323392320645,31.25,-2.094730029342647,31.428733741044606,32,6.1233037001966855,-3.8791169226211224
혼합장,5,20,0.01,-25.282323392320645,31.25,-2.094730029342647,31.428733741044606,32,6.1233037001966855,-3.8791169226211224
혼합장,5,20,0.02,-47.19222680830706,31.57894736842105,-3.8084282352792234,53.90451012573125,19,6.820602417918841,-6.97646357179128
혼합장,5,20,0.03,0.0,0.0,0.0,0.0,0,0.0,0.0
혼합장,5,30,0.0,-11.502034411185107,31.818181818181817,-0.40969283014594754,26.35457374979749,22,7.970282910695995,-4.051004387463187
혼합장,5,30,0.01,-11.502034411185107,31.818181818181817,-0.40969283014594754,26.35457374979749,22,7.970282910695995,-4.051004387463187
혼합장,5,30,0.02,-35.368945280770234,36.36363636363637,-2.6818062631748987,45.20799612179328,11,9.462168591329416,-9.483776229954001
혼합장,5,30,0.03,0.0,0.0,0.0,0.0,0,0.0,0.0
혼합장,5,37,0.0,-18.70211953671925,20.0,-1.4815379914053493,26.372272547794275,20,11.278075673972971,-3.7584242667711503
혼합장,5,37,0.01,-18.70211953671925,20.0,-1.4815379914053493,26.372272547794275,20,11.278075673972971,-3.7584242667711503
혼합장,5,37,0.02,-50.57472936067744,20.0,-5.197026418958766,57.81516136796216,10,10.553717415971363,-9.240630079735984
혼합장,5,37,0.03,0.0,0.0,0.0,0.0,0,0.0,0.0
혼합장,5,50,0.0,-0.16695317330433754,25.0,0.6588791486159137,18.57703938912294,12,14.936312869256009,-4.399260799130335
혼합장,5,50,0.01,-0.16695317330433754,25.0,0.6588791486159137,18.57703938912294,12,14.936312869256009,-4.399260799130335
혼합장,5,50,0.02,-37.73926474391824,50.0,-3.3537406095400626,47.85081063595627,6,8.964426387390874,-18.445253306666824
혼합장,5,50,0.03,0.0,0.0,0.0,0.0,0,0.0,0.0
혼합장,5,100,0.0,-37.52841402822294,8.333333333333332,-12.471970441650074,42.032107405724155,12,9.653863110706155,-4.96005505260596
혼합장,5,100,0.01,-37.52841402822294,8.333333333333332,-12.471970441650074,42.032107405724155,12,9.653863110706155,-4.96005505260596
혼합장,5,100,0.02,-14.290312138332473,20.0,-5.904994819622301,21.836143816351157,5,9.653863110706155,-5.927549753284419
혼합장,5,100,0.03,0.0,0.0,0.0,0.0,0,0.0,0.0
혼합장,7,20,0.0,-5.0875055295981,40.0,0.03385112850768495,21.324400872377595,25,6.635040968716025,-4.398633790208547
혼합장,7,20,0.01,-5.0875055295981,40.0,0.03385112850768495,21.324400872377595,25,6.635040968716025,-4.398633790208547
혼합장,7,20,0.02,-47.793816205530355,28.57142857142857,-6.05128078813892,50.491535218097205,14,3.7416997227261692,-6.982088444907352
혼합장,7,20,0.03,0.0,0.0,0.0,0.0,0,0.0,0.0
혼합장,7,30,0.0,-4.125748309471248,16.666666666666664,0.22890815508700865,22.06241746253227,18,17.035764764510105,-3.244614201216881
혼합장,7,30,0.01,-4.125748309471248,16.666666666666664,0.22890815508700865,22.06241746253227,18,17.035764764510105,-3.244614201216881
혼합장,7,30,0.02,-40.34455777920725,33.33333333333333,-2.539487122803907,53.28966874595565,9,14.403142331975388,-12.05745192855093
혼합장,7,30,0.03,0.0,0.0,0.0,0.0,0,0.0,0.0
혼합장,7,37,0.0,-9.454178359099338,17.647058823529413,-0.46422566235126433,26.28275124777128,17,15.103367522566694,-3.547288098637523
혼합장,7,37,0.01,-9.454178359099338,17.647058823529413,-0.46422566235126433,26.28275124777128,17,15.103367522566694,-3.547288098637523
혼합장,7,37,0.02,-52.65324367923739,25.0,-4.904367230879159,58.78249114334723,8,11.687351817814376,-12.330302598533061
혼합장,7,37,0.03,0.0,0.0,0.0,0.0,0,0.0,0.0
혼합장,7,50,0.0,-12.781584694045536,18.181818181818183,-1.2328268690132882,23.277397874433234,11,19.440427143121017,-5.293445668657613
혼합장,7,50,0.01,-12.781584694045536,18.181818181818183,-1.2328268690132882,23.277397874433234,11,19.440427143121017,-5.293445668657613
혼합장,7,50,0.02,-49.17803704646912,20.0,-6.6582480410870755,49.17803704646912,5,12.624837230636462,-15.278293226629144
혼합장,7,50,0.03,0.0,0.0,0.0,0.0,0,0.0,0.0
혼합장,7,100,0.0,-16.74177658989426,25.0,-5.170015697144948,26.255527255890776,8,6.428283307802971,-4.930810762503945
혼합장,7,100,0.01,-16.74177658989426,25.0,-5.170015697144948,26.255527255890776,8,6.428283307802971,-4.930810762503945
혼합장,7,100,0.02,-52.44271996000457,0.0,-11.468472093464165,52.44271996000457,4,0.0,-14.743642700012504
혼합장,7,100,0.03,0.0,0.0,0.0,0.0,0,0.0,0.0
혼합장,10,20,0.0,-25.05932360801016,37.93103448275862,-1.743756171286291,29.00124051353289,29,6.200294716761913,-5.020285822199217
혼합장,10,20,0.01,-25.05932360801016,37.93103448275862,-1.743756171286291,29.00124051353289,29,6.200294716761913,-5.020285822199217
혼합장,10,20,0.02,-42.426763478047725,33.33333333333333,-3.3772920240761253,49.03827012053387,15,7.961611437499161,-8.036890544056188
혼합장,10,20,0.03,0.0,0.0,0.0,0.0,0,0.0,0.0
혼합장,10,30,0.0,0.955724813892052,37.5,0.7340821695601668,19.903156523016037,16,8.425774345852453,-4.352686664230841
혼합장,10,30,0.01,0.955724813892052,37.5,0.7340821695601668,19.903156523016037,16,8.425774345852453,-4.352686664230841
혼합장,10,30,0.02,-41.66075629632797,33.33333333333333,-4.230128659954902,49.96794823728448,9,8.15524458485878,-10.554825869486514
혼합장,10,30,0.03,0.0,0.0,0.0,0.0,0,0.0,0.0
혼합장,10,37,0.0,14.973365078341914,35.714285714285715,2.3296187540699727,21.205311232550955,14,9.701234984425358,-3.276765342906
혼합장,10,37,0.01,14.973365078341914,35.714285714285715,2.3296187540699727,21.205311232550955,14,9.701234984425358,-3.276765342906
혼합장,10,37,0.02,-29.99036052359443,60.0,-2.066680541403588,47.12467155873048,5,10.860286238905317,-24.687828071165068
혼합장,10,37,0.03,0.0,0.0,0.0,0.0,0,0.0,0.0
혼합장,10,50,0.0,-20.93946238977682,20.0,-3.8680209366233744,29.944922538235797,10,13.10304399070154,-5.807042260565374
혼합장,10,50,0.01,-20.93946238977682,20.0,-3.8680209366233744,29.944922538235797,10,13.10304399070154,-5.807042260565374
혼합장,10,50,0.02,-51.53403757237599,14.285714285714285,-7.278640564863713,52.423777494587966,7,15.42305245764187,-12.014416629363893
혼합장,10,50,0.03,0.0,0.0,0.0,0.0,0,0.0,0.0
혼합장,10,100,0.0,-22.062152594722072,14.285714285714285,-8.694674481700105,28.603593028653844,7,9.162142342200891,-5.424939227078808
혼합장,10,100,0.01,-22.062152594722072,14.285714285714285,-8.694674481700105,28.603593028653844,7,9.162142342200891,-5.424939227078808
혼합장,10,100,0.02,-51.94649575430543,0.0,-12.231195933456013,51.94649575430543,3,0.0,-18.85137393295203
혼합장,10,100,0.03,0.0,0.0,0.0,0.0,0,0.0,0.0
혼합장,14,20,0.0,-12.76431051983817,34.375,-0.24766666970208348,25.948111807488257,32,7.442242010199295,-4.094032731156139
혼합장,14,20,0.01,-12.76431051983817,34.375,-0.24766666970208348,25.948111807488257,32,7.442242010199295,-4.094032731156139
혼합장,14,20,0.02,-45.87626576332045,31.25,-3.885386725929841,48.0549487811226,16,7.177030301041775,-7.557190305270847
혼합장,14,20,0.03,0.0,0.0,0.0,0.0,0,0.0,0.0
혼합장,14,30,0.0,10.889649399597525,37.5,1.7951908575868478,12.697838189171737,16,8.654946032068644,-3.666977814859448
혼합장,14,30,0.01,10.889649399597525,37.5,1.7951908575868478,12.697838189171737,16,8.654946032068644,-3.666977814859448
혼합장,14,30,0.02,-22.53668997163739,55.55555555555556,-1.1091991043820821,45.3998219690838,9,8.428438701250835,-13.221929959228548
혼합장,14,30,0.03,0.0,0.0,0.0,0.0,0,0.0,0.0
혼합장,14,37,0.0,6.171526358685735,42.857142857142854,1.3935952835962575,24.313252633113052,14,7.889626907343317,-4.642047655921502
혼합장,14,37,0.01,6.171526358685735,42.857142857142854,1.3935952835962575,24.313252633113052,14,7.889626907343317,-4.642047655921502
혼합장,14,37,0.02,-32.29827229351949,28.57142857142857,-2.1204566032320895,50.816634092208155,7,18.429469730898475,-11.420282326997604
혼합장,14,37,0.03,0.0,0.0,0.0,0.0,0,0.0,0.0
혼합장,14,50,0.0,-22.57475644090511,20.0,-4.571765236210303,31.744652655905043,10,11.802479796473818,-5.772738528496132
혼합장,14,50,0.01,-22.57475644090511,20.0,-4.571765236210303,31.744652655905043,10,11.802479796473818,-5.772738528496132
혼합장,14,50,0.02,-51.85901050584128,14.285714285714285,-7.47348609328278,52.81957949353819,7,12.433657109129825,-11.621387128058423
혼합장,14,50,0.03,0.0,0.0,0.0,0.0,0,0.0,0.0
혼합장,14,100,0.0,-31.905087901256056,12.5,-8.978990478992388,39.72018470214141,8,12.964699314801948,-6.912133494731907
혼합장,14,100,0.01,-31.905087901256056,12.5,-8.978990478992388,39.72018470214141,8,12.964699314801948,-6.912133494731907
혼합장,14,100,0.02,-19.558075658559765,0.0,-25.94336146550466,19.558075658559765,3,0.0,-6.932013697915042
혼합장,14,100,0.03,0.0,0.0,0.0,0.0,0,0.0,0.0
혼합장,20,30,0.0,-15.723777083553816,33.33333333333333,-1.8008209948416547,26.974875266094035,15,7.823625153735105,-5.2114865455322175
혼합장,20,30,0.01,-15.723777083553816,33.33333333333333,-1.8008209948416547,26.974875266094035,15,7.823625153735105,-5.2114865455322175
혼합장,20,30,0.02,-36.23197304869557,50.0,-3.135884372773183,50.07491256260227,8,7.857013161200725,-15.046214850497122
혼합장,20,30,0.03,0.0,0.0,0.0,0.0,0,0.0,0.0
혼합장,20,37,0.0,-25.715427705142847,23.076923076923077,-3.747062881015196,37.151017719407555,13,10.7272899162636,-5.755615476602285
혼합장,20,37,0.01,-25.715427705142847,23.076923076923077,-3.747062881015196,37.151017719407555,13,10.7272899162636,-5.755615476602285
혼합장,20,37,0.02,-6.168992119719937,25.0,-0.5355458243851314,26.60362530364549,8,15.238997232156944,-5.542077202554886
혼합장,20,37,0.03,0.0,0.0,0.0,0.0,0,0.0,0.0
혼합장,20,50,0.0,-36.3903479275819,22.22222222222222,-7.351385861329368,42.495495051113544,9,10.362274687914322,-8.733655902727675
혼합장,20,50,0.01,-36.3903479275819,22.22222222222222,-7.351385861329368,42.495495051113544,9,10.362274687914322,-8.733655902727675
혼합장,20,50,0.02,-9.791446276355023,50.0,-7.559533400550998,11.826195182850771,2,2.307656917738009,-11.826195182850773
혼합장,20,50,0.03,0.0,0.0,0.0,0.0,0,0.0,0.0
혼합장,20,100,0.0,-9.006905763789314,28.57142857142857,-1.5182903789880335,23.41016760652667,7,9.306186575575188,-5.033514315558238
혼합장,20,100,0.01,-9.006905763789314,28.57142857142857,-1.5182903789880335,23.41016760652667,7,9.306186575575188,-5.033514315558238
혼합장,20,100,0.02,-27.772888511026128,33.33333333333333,-2.7552844326661745,42.7572551543269,3,26.176883522442434,-21.900806102654126
혼합장,20,100,0.03,0.0,0.0,0.0,0.0,0,0.0,0.0
